{
	"info": {
		"_postman_id": "27299992-a8b7-49b8-b1f0-6ef9abcc349e",
		"name": "custom-event-driven-architecture",
		"schema": "https://schema.getpostman.com/json/collection/v2.1.0/collection.json",
		"_exporter_id": "1049961"
	},
	"item": [
		{
			"name": "Add course material",
			"request": {
				"method": "POST",
				"header": [],
				"body": {
					"mode": "raw",
					"raw": "{\r\n    \"courseId\":\"BCA\",\r\n    \"materialName\":\"material1\",\r\n    \"inStock\":\"Y\"\r\n}",
					"options": {
						"raw": {
							"language": "json"
						}
					}
				},
				"url": {
					"raw": "http://localhost:8082/coursematerial",
					"protocol": "http",
					"host": [
						"localhost"
					],
					"port": "8082",
					"path": [
						"coursematerial"
					]
				}
			},
			"response": []
		},
		{
			"name": "Add Tuition Fee",
			"request": {
				"method": "POST",
				"header": [],
				"body": {
					"mode": "raw",
					"raw": "{\r\n    \"courseId\":\"BCA\",\r\n    \"feeAmount\":9000\r\n}",
					"options": {
						"raw": {
							"language": "json"
						}
					}
				},
				"url": {
					"raw": "http://localhost:8083/tuition",
					"protocol": "http",
					"host": [
						"localhost"
					],
					"port": "8083",
					"path": [
						"tuition"
					]
				}
			},
			"response": []
		},
		{
			"name": "Add Tuition Fee 2",
			"request": {
				"method": "POST",
				"header": [],
				"body": {
					"mode": "raw",
					"raw": "{\r\n    \"courseId\":\"BSC\",\r\n    \"feeAmount\":11000\r\n}",
					"options": {
						"raw": {
							"language": "json"
						}
					}
				},
				"url": {
					"raw": "http://localhost:8083/tuition",
					"protocol": "http",
					"host": [
						"localhost"
					],
					"port": "8083",
					"path": [
						"tuition"
					]
				}
			},
			"response": []
		},
		{
			"name": "Register Student",
			"request": {
				"method": "POST",
				"header": [],
				"body": {
					"mode": "raw",
					"raw": "{\r\n    \"courseId\":\"BCA\",\r\n    \"name\": \"Raju Godbole\"\r\n}",
					"options": {
						"raw": {
							"language": "json"
						}
					}
				},
				"url": {
					"raw": "http://localhost:8081/students",
					"protocol": "http",
					"host": [
						"localhost"
					],
					"port": "8081",
					"path": [
						"students"
					]
				}
			},
			"response": []
		},
		{
			"name": "Register Student 2",
			"request": {
				"method": "POST",
				"header": [],
				"body": {
					"mode": "raw",
					"raw": "{\r\n    \"courseId\":\"BSC\",\r\n    \"name\": \"Jenna Johnson\"\r\n}",
					"options": {
						"raw": {
							"language": "json"
						}
					}
				},
				"url": {
					"raw": "http://localhost:8081/students",
					"protocol": "http",
					"host": [
						"localhost"
					],
					"port": "8081",
					"path": [
						"students"
					]
				}
			},
			"response": []
		}
	]
}